"region","region","region","region","region","region","liv","region","region","leeds","region","region","region"
"region","region","newcastle","region","region","region","region","region","region","bmh","region","region","region"
"region","region","region","region","region","region","region","region","region","region","region","region","leeds"
"region","region","region","region","region","region","region","region","region","region","region","region","region"
"region","region","region","region","bmh","region","region","region","region","region","region","region","region"
"london","region","region","region","region","region","region","region","region","region","london","region","region"
"region","london","region","region","region","region","region","region","shef","region","region","region","region"
"region","region","region","bmh","region","region","region","region","region","region","region","region","region"
"region","region","region","region","leeds","region","leeds","region","region","region","region","region","region"
"region","region","region","region","region","region","region","region","region","region","region","region","region"
"region","region","region","region","region","region","leeds","region","region","region","region","region","bmh"
"region","region","region","region","region","region","region","region","region","man","region","region","region"
"liv","region","region","region","region","bristol","region","region","region","region","region","region","region"
"region","region","region","shef","region","region","region","region","region","region","man","region","region"
"region","region","region","region","region","region","region","region","region","region","region","region","region"
"region","region","region","region","region","bmh","region","region","region","region","bristol","region","region"
"region","region","norwich","region","region","region","region","region","region","region","region","region","region"
"region","region","region","region","region","region","region","region","region","region","region","region","region"
"region","region","region","liv","region","region","region","region","region","region","region","region","region"
"region","region","bg","region","region","region","region","region","region","region","region","region","region"
"region","region","region","region","region","region","region","region","region","shef","shef","region","region"
"region","region","leeds","region","region","region","region","region","region","region","region","region","region"
"region","region","region","region","region","region","region","region","region","region","region","region","region"
"region","region","region","region","region","region","region","region","region","region","region","region","region"
"london","region","newcastle","region","region","region","region","region","region","region","region","region","bmh"
"region","region","shef","leeds","region","region","region","bmh","region","region","region","man","region"
"region","region","region","region","region","region","region","region","region","region","region","region","region"
"region","region","region","region","region","region","region","man","region","region","bg","region","region"
"region","region","region","region","region","region","region","region","region","region","region","region","region"
"region","region","region","region","region","region","region","region","region","region","region","region","region"
"region","region","region","region","region","region","region","region","region","region","region","region","region"
"region","region","region","region","region","london","region","region","region","region","london","region","region"
"region","region","region","region","region","region","region","region","region","region","region","region","region"
"region","region","region","region","man","region","region","bg","region","region","region","region","region"
"region","region","region","region","region","region","region","region","region","region","region","region","region"
"region","region","region","region","region","region","region","region","region","region","region","region","region"
"newcastle","region","region","region","region","region","region","region","region","region","region","region","region"
"region","region","region","london","region","region","region","region","region","bristol","region","region","region"
"bg","region","region","region","region","liv","shef","region","region","region","region","region","region"
"region","region","region","region","region","region","region","region","region","region","region","region","region"
"norwich","region","region","region","region","region","region","region","region","london","region","region","region"
"region","region","region","region","region","plymouth","region","region","region","region","region","region","region"
"region","bg","region","region","region","region","region","region","london","region","region","region","region"
"region","region","region","region","region","region","region","region","region","region","region","region","region"
"region","region","region","region","region","region","region","region","region","region","region","region","region"
"region","region","region","region","region","region","man","region","region","region","region","region","region"
"region","region","region","region","region","region","liv","region","region","shef","region","region","region"
"region","region","region","region","region","region","region","bristol","region","region","region","region","man"
"region","london","region","region","region","cardiff","region","region","region","region","region","region","region"
"region","region","region","region","region","region","region","liv","region","region","region","region","region"
